,Loan_ID,Gender,Married,Self_Employed,Applicant_Income,education,LoanAmount,Principal,Principal,terms,effective_date,due_date,age,loan_status
0,LP001002,male,No,No,5849,High School or Below,20,1000,20000,30,9/8/2016,10/7/2016,45,PAIDOFF
2,LP001003,female,Yes,No,4583,Bechalor,128,1000,128000,30,9/8/2016,10/7/2016,33,PAIDOFF
3,LP001005,male,Yes,Yes,3000,college,66,1000,66000,15,9/8/2016,9/22/2016,27,PAIDOFF
4,LP001006,female,Yes,No,2583,college,120,1000,120000,30,9/9/2016,10/8/2016,28,PAIDOFF
6,LP001008,male,No,No,6000,college,141,1000,141000,30,9/9/2016,10/8/2016,29,PAIDOFF
7,LP001011,male,Yes,Yes,5417,college,267,1000,267000,30,9/9/2016,10/8/2016,36,PAIDOFF
8,LP001013,male,Yes,No,2333,college,95,1000,95000,30,9/9/2016,10/8/2016,28,PAIDOFF
9,LP001014,male,Yes,No,3036,college,158,800,126400,15,9/10/2016,9/24/2016,26,PAIDOFF
10,LP001018,male,Yes,No,4006,college,168,300,50400,7,9/10/2016,9/16/2016,29,PAIDOFF
11,LP001020,male,Yes,No,12841,High School or Below,349,1000,349000,15,9/10/2016,10/9/2016,39,PAIDOFF
12,LP001024,male,Yes,No,3200,college,70,1000,70000,30,9/10/2016,10/9/2016,26,PAIDOFF
13,LP001027,female,Yes,,2500,college,109,900,98100,7,9/10/2016,9/16/2016,26,PAIDOFF
14,LP001028,male,Yes,No,3073,High School or Below,200,1000,200000,7,9/10/2016,9/16/2016,27,PAIDOFF
15,LP001029,male,No,No,1853,college,114,800,91200,15,9/10/2016,9/24/2016,26,PAIDOFF
16,LP001030,male,Yes,No,1299,High School or Below,17,1000,17000,30,9/10/2016,10/9/2016,40,PAIDOFF
17,LP001032,male,No,No,4950,High School or Below,125,1000,125000,15,9/10/2016,9/24/2016,32,PAIDOFF
18,LP001034,male,No,No,3596,High School or Below,100,1000,100000,30,9/10/2016,10/9/2016,32,PAIDOFF
19,LP001036,male,No,No,3510,college,76,800,60800,30,9/10/2016,10/9/2016,26,PAIDOFF
20,LP001038,male,Yes,No,4887,college,133,1000,133000,30,9/10/2016,10/9/2016,26,PAIDOFF
22,LP001041,male,Yes,,2600,High School or Below,115,1000,115000,30,9/10/2016,10/9/2016,25,PAIDOFF
23,LP001043,male,Yes,No,7660,college,104,1000,104000,15,9/10/2016,9/24/2016,26,PAIDOFF
25,LP001046,male,Yes,No,5955,High School or Below,315,1000,315000,30,9/10/2016,10/9/2016,29,PAIDOFF
26,LP001047,male,Yes,No,2600,Bechalor,116,800,92800,15,9/10/2016,9/24/2016,39,PAIDOFF
27,LP001050,male,Yes,No,3365,Bechalor,112,1000,112000,15,9/10/2016,9/24/2016,34,PAIDOFF
28,LP001052,male,Yes,,3717,college,151,1000,151000,30,9/11/2016,10/10/2016,31,PAIDOFF
29,LP001066,male,Yes,Yes,9560,college,191,1000,191000,30,9/11/2016,10/10/2016,33,PAIDOFF
30,LP001068,male,Yes,No,2799,High School or Below,122,800,97600,15,9/11/2016,9/25/2016,33,PAIDOFF
31,LP001073,male,Yes,No,4226,college,110,1000,110000,30,9/11/2016,10/10/2016,37,PAIDOFF
32,LP001086,male,No,No,1442,college,35,1000,35000,30,9/11/2016,10/10/2016,27,PAIDOFF
33,LP001087,male,No,,3750,college,120,1000,120000,30,9/11/2016,10/10/2016,37,PAIDOFF
34,LP001091,male,Yes,,4166,college,201,800,160800,15,9/11/2016,9/25/2016,33,PAIDOFF
36,LP001095,male,No,No,3167,High School or Below,74,1000,74000,30,9/11/2016,10/10/2016,27,PAIDOFF
39,LP001097,male,No,Yes,4692,Bechalor,106,1000,106000,30,9/11/2016,10/10/2016,21,PAIDOFF
40,LP001098,female,Yes,No,3500,college,114,1000,114000,15,9/11/2016,9/25/2016,32,PAIDOFF
41,LP001100,male,No,No,12500,college,320,800,256000,15,9/11/2016,9/25/2016,30,PAIDOFF
42,LP001106,male,Yes,No,2275,Bechalor,11,1000,11000,7,9/11/2016,9/24/2016,31,PAIDOFF
43,LP001109,male,Yes,No,1828,college,100,1000,100000,15,9/11/2016,9/25/2016,30,PAIDOFF
44,LP001112,female,Yes,No,3667,Bechalor,144,1000,144000,15,9/11/2016,9/25/2016,24,PAIDOFF
45,LP001114,male,No,No,4166,High School or Below,184,800,147200,7,9/11/2016,9/17/2016,35,PAIDOFF
46,LP001116,male,No,No,3748,High School or Below,110,1000,110000,30,9/11/2016,10/10/2016,22,PAIDOFF
47,LP001119,male,No,No,3600,college,80,1000,80000,30,9/11/2016,10/10/2016,32,PAIDOFF
49,LP001120,male,No,No,1800,High School or Below,47,800,37600,15,9/11/2016,9/25/2016,50,PAIDOFF
51,LP001123,female,Yes,No,2400,Bechalor,75,1000,75000,30,9/11/2016,10/10/2016,35,PAIDOFF
52,LP001131,female,Yes,No,3941,Bechalor,134,800,107200,15,9/11/2016,9/25/2016,35,PAIDOFF
53,LP001136,male,Yes,Yes,4695,High School or Below,96,1000,96000,30,9/11/2016,10/10/2016,34,PAIDOFF
54,LP001137,male,No,No,3410,High School or Below,88,1000,88000,30,9/11/2016,10/10/2016,21,PAIDOFF
55,LP001138,male,Yes,No,5649,college,44,1000,44000,15,9/11/2016,9/25/2016,25,PAIDOFF
56,LP001144,male,Yes,No,5821,High School or Below,144,1000,144000,30,9/11/2016,10/10/2016,27,PAIDOFF
57,LP001146,male,Yes,No,2645,Bechalor,120,1000,120000,30,9/11/2016,10/10/2016,26,PAIDOFF
58,LP001151,female,No,No,4000,High School or Below,144,800,115200,15,9/11/2016,9/25/2016,44,PAIDOFF
59,LP001155,male,Yes,No,1928,Master or Above,100,800,80000,15,9/11/2016,9/25/2016,39,PAIDOFF
60,LP001157,male,No,No,3086,Bechalor,120,1000,120000,30,9/11/2016,10/10/2016,34,PAIDOFF
62,LP001164,male,No,No,4230,High School or Below,112,1000,112000,30,9/11/2016,10/10/2016,34,PAIDOFF
63,LP001179,male,Yes,No,4616,college,134,1000,134000,30,9/11/2016,10/10/2016,45,PAIDOFF
65,LP001186,male,Yes,Yes,11500,college,286,900,257400,15,9/11/2016,9/25/2016,28,PAIDOFF
66,LP001194,male,Yes,No,2708,Bechalor,97,1000,97000,30,9/11/2016,10/10/2016,28,PAIDOFF
67,LP001195,male,Yes,No,2132,High School or Below,96,1000,96000,30,9/11/2016,10/10/2016,37,PAIDOFF
69,LP001197,male,Yes,No,3366,Bechalor,135,1000,135000,30,9/11/2016,10/10/2016,43,PAIDOFF
70,LP001198,male,Yes,No,8080,college,180,800,144000,15,9/11/2016,9/25/2016,29,PAIDOFF
71,LP001199,male,Yes,No,3357,High School or Below,144,800,115200,15,9/11/2016,9/25/2016,29,PAIDOFF
72,LP001205,female,Yes,No,2500,Bechalor,120,1000,120000,30,9/11/2016,10/10/2016,33,PAIDOFF
73,LP001206,male,Yes,No,3029,college,99,1000,99000,15,9/11/2016,9/25/2016,34,PAIDOFF
74,LP001207,male,Yes,Yes,2609,college,165,1000,165000,15,9/11/2016,9/25/2016,25,PAIDOFF
75,LP001213,male,Yes,No,4945,High School or Below,15,1000,15000,30,9/11/2016,10/10/2016,30,PAIDOFF
77,LP001222,male,No,No,4166,college,116,1000,116000,30,9/11/2016,10/10/2016,35,PAIDOFF
79,LP001225,female,Yes,No,5726,High School or Below,258,1000,258000,30,9/11/2016,10/10/2016,44,PAIDOFF
80,LP001228,male,No,No,3200,High School or Below,126,1000,126000,30,9/11/2016,10/10/2016,28,PAIDOFF
81,LP001233,male,Yes,No,10750,college,312,1000,312000,7,9/11/2016,9/17/2016,25,PAIDOFF
82,LP001238,male,Yes,Yes,7100,college,125,1000,125000,15,9/11/2016,9/25/2016,29,PAIDOFF
83,LP001241,male,No,No,4300,college,136,800,108800,15,9/11/2016,9/25/2016,33,PAIDOFF
86,LP001243,female,Yes,No,3208,High School or Below,172,1000,172000,30,9/11/2016,10/10/2016,24,PAIDOFF
87,LP001245,female,Yes,Yes,1875,college,97,1000,97000,30,9/11/2016,10/10/2016,27,PAIDOFF
89,LP001248,female,No,No,3500,High School or Below,81,800,64800,15,9/11/2016,9/25/2016,46,PAIDOFF
90,LP001250,female,Yes,No,4755,college,95,800,76000,15,9/11/2016,9/25/2016,34,PAIDOFF
92,LP001253,male,Yes,Yes,5266,High School or Below,187,800,149600,15,9/11/2016,9/25/2016,38,PAIDOFF
93,LP001255,male,No,No,3750,High School or Below,113,800,90400,15,9/11/2016,9/25/2016,27,PAIDOFF
94,LP001256,male,No,No,3750,High School or Below,176,1000,176000,30,9/11/2016,10/10/2016,33,PAIDOFF
95,LP001259,male,Yes,Yes,1000,college,110,1000,110000,30,9/11/2016,10/10/2016,36,PAIDOFF
97,LP001263,male,Yes,No,3167,college,180,1000,180000,30,9/11/2016,10/10/2016,34,PAIDOFF
98,LP001264,male,Yes,Yes,3333,High School or Below,130,1000,130000,30,9/11/2016,10/10/2016,22,PAIDOFF
99,LP001265,female,No,No,3846,Bechalor,111,1000,111000,30,9/11/2016,10/10/2016,31,PAIDOFF
101,LP001266,male,Yes,Yes,2395,college,100,800,80000,15,9/11/2016,9/25/2016,38,PAIDOFF
102,LP001267,male,Yes,No,1378,college,167,1000,167000,30,9/11/2016,10/10/2016,30,PAIDOFF
103,LP001273,male,Yes,No,6000,High School or Below,265,1000,265000,15,9/11/2016,9/25/2016,45,PAIDOFF
104,LP001275,male,Yes,No,3988,college,50,1000,50000,15,9/11/2016,9/25/2016,35,PAIDOFF
106,LP001279,male,No,No,2366,High School or Below,136,1000,136000,30,9/11/2016,10/10/2016,31,PAIDOFF
107,LP001280,male,Yes,No,3333,High School or Below,99,1000,99000,30,9/11/2016,10/10/2016,31,PAIDOFF
108,LP001282,male,Yes,No,2500,college,104,1000,104000,30,9/11/2016,10/10/2016,28,PAIDOFF
109,LP001289,male,No,No,8566,college,210,1000,210000,7,9/11/2016,9/24/2016,29,PAIDOFF
110,LP001310,male,Yes,No,5695,college,175,800,140000,15,9/11/2016,9/25/2016,29,PAIDOFF
111,LP001316,female,Yes,No,2958,college,131,1000,131000,30,9/11/2016,11/9/2016,27,PAIDOFF
112,LP001318,male,Yes,No,6250,college,188,1000,188000,30,9/11/2016,10/10/2016,27,PAIDOFF
113,LP001319,male,Yes,No,3273,college,81,1000,81000,30,9/11/2016,10/10/2016,33,PAIDOFF
114,LP001322,male,No,No,4133,college,122,1000,122000,30,9/11/2016,10/10/2016,28,PAIDOFF
115,LP001325,male,No,No,3620,High School or Below,25,1000,25000,15,9/11/2016,9/25/2016,25,PAIDOFF
116,LP001326,male,No,,6782,college,247,1000,247000,30,9/11/2016,10/10/2016,40,PAIDOFF
117,LP001327,male,Yes,No,2484,High School or Below,137,1000,137000,30,9/11/2016,10/10/2016,23,PAIDOFF
118,LP001333,male,Yes,No,1977,Bechalor,50,1000,50000,30,9/11/2016,10/10/2016,35,PAIDOFF
119,LP001334,male,Yes,No,4188,college,115,800,92000,15,9/11/2016,9/25/2016,24,PAIDOFF
120,LP001343,male,Yes,No,1759,college,131,1000,131000,30,9/11/2016,10/10/2016,34,PAIDOFF
121,LP001345,male,Yes,No,4288,High School or Below,133,1000,133000,30,9/11/2016,10/10/2016,22,PAIDOFF
122,LP001349,male,No,No,4843,college,151,1000,151000,15,9/11/2016,10/25/2016,20,PAIDOFF
123,LP001350,male,Yes,No,13650,college,185,1000,185000,15,9/11/2016,9/25/2016,23,PAIDOFF
124,LP001356,male,Yes,No,4652,college,230,1000,230000,30,9/11/2016,10/10/2016,33,PAIDOFF
125,LP001357,male,,No,3816,college,160,1000,160000,30,9/11/2016,10/10/2016,26,PAIDOFF
126,LP001367,male,Yes,No,3052,High School or Below,100,1000,100000,15,9/11/2016,9/25/2016,28,PAIDOFF
127,LP001369,male,Yes,No,11417,High School or Below,225,800,180000,15,9/11/2016,9/25/2016,43,PAIDOFF
128,LP001370,male,No,,7333,Bechalor,120,1000,120000,15,9/11/2016,9/25/2016,34,PAIDOFF
129,LP001379,male,Yes,No,3800,Bechalor,216,1000,216000,30,9/11/2016,10/10/2016,38,PAIDOFF
130,LP001384,male,Yes,No,2071,High School or Below,94,1000,94000,15,9/11/2016,9/25/2016,26,PAIDOFF
131,LP001385,male,No,No,5316,High School or Below,136,800,108800,15,9/11/2016,9/25/2016,43,PAIDOFF
132,LP001387,male,Yes,,2929,High School or Below,139,1000,139000,30,9/11/2016,10/10/2016,26,PAIDOFF
133,LP001391,female,Yes,No,3572,college,152,1000,152000,30,9/11/2016,10/10/2016,33,PAIDOFF
134,LP001392,male,No,Yes,7451,college,700,800,560000,15,9/11/2016,9/25/2016,24,PAIDOFF
135,LP001398,male,No,,5050,High School or Below,118,1000,118000,30,9/11/2016,10/10/2016,30,PAIDOFF
136,LP001401,female,Yes,No,14583,High School or Below,185,800,148000,15,9/11/2016,9/25/2016,32,PAIDOFF
137,LP001404,male,Yes,No,3167,college,154,1000,154000,15,9/11/2016,10/25/2016,22,PAIDOFF
138,LP001405,male,Yes,No,2214,High School or Below,85,1000,85000,15,9/11/2016,9/25/2016,47,PAIDOFF
139,LP001421,male,Yes,No,5568,High School or Below,175,1000,175000,30,9/11/2016,10/10/2016,20,PAIDOFF
140,LP001422,male,No,No,10408,High School or Below,259,1000,259000,30,9/11/2016,10/10/2016,28,PAIDOFF
141,LP001426,male,Yes,No,5667,college,180,800,144000,15,9/11/2016,9/25/2016,35,PAIDOFF
143,LP001430,female,No,No,4166,college,44,800,35200,15,9/11/2016,9/25/2016,33,PAIDOFF
144,LP001431,male,No,No,2137,High School or Below,137,1000,137000,30,9/11/2016,10/10/2016,30,PAIDOFF
145,LP001432,male,Yes,No,2957,college,81,1000,81000,15,9/11/2016,9/25/2016,31,PAIDOFF
146,LP001439,female,Yes,No,4300,college,194,1000,194000,30,9/11/2016,11/9/2016,26,PAIDOFF
148,LP001443,male,No,No,3692,Bechalor,93,1000,93000,15,9/12/2016,9/26/2016,26,PAIDOFF
149,LP001448,male,Yes,No,23803,Bechalor,370,800,296000,15,9/12/2016,9/26/2016,35,PAIDOFF
151,LP001449,male,No,No,3865,college,35,800,28000,15,9/12/2016,9/26/2016,23,PAIDOFF
152,LP001451,female,Yes,Yes,10513,college,160,500,80000,15,9/12/2016,9/26/2016,23,PAIDOFF
153,LP001465,male,Yes,No,6080,college,182,1000,182000,15,9/12/2016,9/26/2016,30,PAIDOFF
154,LP001469,male,No,Yes,20166,college,650,1000,650000,30,9/12/2016,10/11/2016,34,PAIDOFF
155,LP001473,female,No,No,2014,High School or Below,74,1000,74000,30,9/12/2016,10/11/2016,36,PAIDOFF
157,LP001478,male,No,No,2718,High School or Below,70,800,56000,15,9/12/2016,9/26/2016,29,PAIDOFF
158,LP001482,female,Yes,Yes,3459,college,25,1000,25000,15,9/12/2016,9/26/2016,28,PAIDOFF
159,LP001487,male,No,No,4895,High School or Below,102,1000,102000,30,9/12/2016,10/11/2016,27,PAIDOFF
160,LP001488,male,Yes,No,4000,High School or Below,290,1000,290000,15,9/12/2016,9/26/2016,24,PAIDOFF
161,LP001489,male,Yes,No,4583,Bechalor,84,800,67200,15,9/12/2016,9/26/2016,31,PAIDOFF
162,LP001491,male,Yes,Yes,3316,High School or Below,88,1000,88000,30,9/12/2016,10/11/2016,28,PAIDOFF
163,LP001492,female,No,No,14999,college,242,1000,242000,15,9/12/2016,9/26/2016,27,PAIDOFF
164,LP001493,male,Yes,No,4200,High School or Below,129,1000,129000,15,9/12/2016,9/26/2016,25,PAIDOFF
165,LP001497,male,Yes,No,5042,High School or Below,185,1000,185000,30,9/12/2016,11/10/2016,24,PAIDOFF
166,LP001498,male,No,No,5417,college,168,1000,168000,30,9/12/2016,10/11/2016,28,PAIDOFF
168,LP001504,male,No,Yes,6950,High School or Below,175,1000,175000,15,9/12/2016,9/26/2016,35,PAIDOFF
170,LP001507,male,Yes,No,2698,High School or Below,122,1000,122000,15,9/12/2016,9/26/2016,38,PAIDOFF
171,LP001508,male,Yes,No,11757,college,187,1000,187000,30,9/12/2016,10/11/2016,29,PAIDOFF
172,LP001514,male,Yes,No,2330,High School or Below,100,800,80000,15,9/12/2016,9/26/2016,35,PAIDOFF
173,LP001516,male,Yes,No,14866,college,70,1000,70000,30,9/12/2016,10/11/2016,24,PAIDOFF
174,LP001518,male,Yes,No,1538,High School or Below,30,800,24000,15,9/12/2016,9/26/2016,39,PAIDOFF
175,LP001519,male,No,No,10000,college,225,800,180000,15,9/12/2016,9/26/2016,25,PAIDOFF
176,LP001520,male,Yes,No,4860,High School or Below,125,1000,125000,30,9/12/2016,10/11/2016,38,PAIDOFF
177,LP001528,male,No,No,6277,college,118,1000,118000,30,9/12/2016,10/11/2016,30,PAIDOFF
178,LP001529,male,Yes,Yes,2577,High School or Below,152,1000,152000,30,9/12/2016,10/11/2016,21,PAIDOFF
180,LP001531,female,No,No,9166,High School or Below,244,1000,244000,15,9/12/2016,9/26/2016,31,PAIDOFF
181,LP001532,male,Yes,No,2281,High School or Below,113,300,33900,7,9/12/2016,9/18/2016,29,PAIDOFF
182,LP001535,male,No,No,3254,High School or Below,50,1000,50000,30,9/12/2016,10/11/2016,35,PAIDOFF
183,LP001536,male,Yes,No,39999,High School or Below,600,800,480000,15,9/12/2016,9/26/2016,30,PAIDOFF
184,LP001541,male,Yes,No,6000,High School or Below,160,1000,160000,30,9/12/2016,10/11/2016,27,PAIDOFF
185,LP001543,female,Yes,No,9538,High School or Below,187,1000,187000,30,9/12/2016,10/11/2016,31,PAIDOFF
187,LP001546,male,No,,2980,High School or Below,120,1000,120000,15,9/12/2016,9/26/2016,34,PAIDOFF
188,LP001552,male,Yes,No,4583,college,255,800,204000,15,9/12/2016,9/26/2016,28,PAIDOFF
189,LP001560,male,Yes,No,1863,college,98,800,78400,15,9/12/2016,9/26/2016,42,PAIDOFF
190,LP001562,male,Yes,No,7933,college,275,1000,275000,30,9/12/2016,10/11/2016,32,PAIDOFF
191,LP001565,male,Yes,No,3089,High School or Below,121,1000,121000,30,9/12/2016,10/11/2016,30,PAIDOFF
192,LP001570,female,Yes,No,4167,High School or Below,158,1000,158000,15,9/12/2016,9/26/2016,25,PAIDOFF
193,LP001572,female,Yes,No,9323,High School or Below,75,1000,75000,30,9/12/2016,10/11/2016,27,PAIDOFF
194,LP001574,male,Yes,No,3707,college,182,800,145600,15,9/12/2016,9/26/2016,21,PAIDOFF
195,LP001577,male,Yes,No,4583,college,112,1000,112000,30,9/12/2016,10/11/2016,24,PAIDOFF
197,LP001578,male,Yes,No,2439,college,129,1000,129000,15,9/12/2016,9/26/2016,40,PAIDOFF
198,LP001579,male,No,No,2237,High School or Below,63,1000,63000,30,9/12/2016,10/11/2016,29,PAIDOFF
200,LP001580,male,Yes,No,8000,college,200,1000,200000,15,9/12/2016,9/26/2016,30,PAIDOFF
201,LP001581,female,Yes,,1820,High School or Below,95,1000,95000,30,9/12/2016,10/11/2016,26,PAIDOFF
203,LP001585,male,Yes,No,51763,college,700,800,560000,15,9/12/2016,9/26/2016,27,PAIDOFF
204,LP001586,male,Yes,No,3522,college,81,1000,81000,30,9/12/2016,10/11/2016,20,PAIDOFF
205,LP001594,female,Yes,No,5708,Bechalor,187,1000,187000,7,9/12/2016,9/18/2016,26,PAIDOFF
206,LP001603,male,Yes,Yes,4344,college,87,1000,87000,30,9/12/2016,11/10/2016,26,PAIDOFF
207,LP001606,male,Yes,No,3497,college,116,1000,116000,30,9/12/2016,10/11/2016,27,PAIDOFF
208,LP001608,male,Yes,No,2045,High School or Below,101,300,30300,7,9/12/2016,9/18/2016,23,PAIDOFF
209,LP001610,male,Yes,No,5516,High School or Below,495,1000,495000,30,9/12/2016,10/11/2016,39,PAIDOFF
210,LP001616,male,Yes,No,3750,High School or Below,116,1000,116000,15,9/12/2016,9/26/2016,27,PAIDOFF
211,LP001630,male,No,No,2333,High School or Below,102,1000,102000,30,9/12/2016,10/11/2016,30,PAIDOFF
212,LP001633,female,Yes,No,6400,High School or Below,180,1000,180000,30,9/12/2016,10/11/2016,33,PAIDOFF
213,LP001634,male,No,No,1916,High School or Below,67,1000,67000,30,9/12/2016,10/11/2016,27,PAIDOFF
214,LP001636,male,Yes,No,4600,High School or Below,73,1000,73000,30,9/12/2016,10/11/2016,35,PAIDOFF
215,LP001637,female,Yes,No,33846,college,260,1000,260000,30,9/12/2016,11/10/2016,29,PAIDOFF
216,LP001639,male,Yes,No,3625,High School or Below,108,1000,108000,15,9/12/2016,9/26/2016,50,PAIDOFF
217,LP001640,female,Yes,Yes,39147,High School or Below,120,800,96000,15,9/12/2016,9/26/2016,31,PAIDOFF
218,LP001641,male,Yes,Yes,2178,High School or Below,66,1000,66000,15,9/12/2016,9/26/2016,31,PAIDOFF
219,LP001643,male,Yes,No,2383,High School or Below,58,1000,58000,30,9/12/2016,10/11/2016,29,PAIDOFF
220,LP001644,male,Yes,Yes,674,college,168,1000,168000,15,9/12/2016,9/26/2016,35,PAIDOFF
221,LP001647,male,Yes,No,9328,college,188,1000,188000,30,9/12/2016,10/11/2016,39,PAIDOFF
223,LP001653,male,No,No,4885,High School or Below,48,1000,48000,15,9/12/2016,9/26/2016,30,PAIDOFF
224,LP001656,male,No,No,12000,Bechalor,164,1000,164000,30,9/12/2016,10/11/2016,33,PAIDOFF
225,LP001657,male,Yes,No,6033,High School or Below,160,1000,160000,30,9/12/2016,10/11/2016,26,PAIDOFF
226,LP001658,male,No,No,3858,High School or Below,76,1000,76000,15,9/12/2016,9/26/2016,25,PAIDOFF
227,LP001664,male,No,No,4191,Bechalor,120,800,96000,15,9/12/2016,9/26/2016,37,PAIDOFF
228,LP001665,male,Yes,No,3125,High School or Below,170,800,136000,15,9/12/2016,9/26/2016,26,PAIDOFF
229,LP001666,male,No,No,8333,college,187,800,149600,15,9/12/2016,9/26/2016,26,PAIDOFF
230,LP001669,male,No,No,1907,college,120,1000,120000,15,9/12/2016,10/26/2016,27,PAIDOFF
231,LP001671,female,Yes,No,3416,college,113,1000,113000,7,9/12/2016,9/25/2016,34,PAIDOFF
232,LP001673,male,No,Yes,11000,college,83,1000,83000,30,9/12/2016,10/11/2016,37,PAIDOFF
233,LP001674,male,Yes,No,2600,High School or Below,90,1000,90000,30,9/12/2016,10/11/2016,36,PAIDOFF
234,LP001677,male,No,No,4923,High School or Below,166,800,132800,15,9/12/2016,9/26/2016,33,PAIDOFF
235,LP001682,male,Yes,No,3992,High School or Below,,1000,0,30,9/12/2016,10/11/2016,30,PAIDOFF
237,LP001688,male,Yes,No,3500,High School or Below,135,800,108000,15,9/12/2016,9/26/2016,36,PAIDOFF
238,LP001691,male,Yes,No,3917,college,124,1000,124000,15,9/12/2016,10/11/2016,29,PAIDOFF
240,LP001692,male,No,No,4408,High School or Below,120,1000,120000,30,9/12/2016,10/11/2016,32,PAIDOFF
241,LP001693,female,No,No,3244,High School or Below,80,1000,80000,15,9/12/2016,9/26/2016,29,PAIDOFF
242,LP001698,male,No,No,3975,Bechalor,55,800,44000,15,9/12/2016,9/26/2016,36,PAIDOFF
243,LP001699,female,No,No,2479,High School or Below,59,800,47200,15,9/12/2016,9/26/2016,30,PAIDOFF
244,LP001702,male,No,No,3418,college,127,1000,127000,7,9/13/2016,9/19/2016,31,PAIDOFF
245,LP001708,female,No,No,10000,High School or Below,214,1000,214000,30,9/13/2016,10/12/2016,19,PAIDOFF
246,LP001711,male,Yes,No,3430,college,128,800,102400,15,9/13/2016,9/27/2016,26,PAIDOFF
247,LP001713,male,Yes,Yes,7787,High School or Below,240,800,192000,15,9/13/2016,9/27/2016,34,PAIDOFF
248,LP001715,male,Yes,Yes,5703,High School or Below,130,1000,130000,30,9/13/2016,10/12/2016,35,PAIDOFF
249,LP001716,female,Yes,No,3173,Bechalor,137,1000,137000,15,9/13/2016,9/27/2016,35,PAIDOFF
250,LP001720,male,Yes,No,3850,college,100,800,80000,15,9/13/2016,9/27/2016,38,PAIDOFF
253,LP001722,male,Yes,No,150,High School or Below,135,500,67500,7,9/13/2016,9/19/2016,22,PAIDOFF
254,LP001726,male,Yes,No,3727,college,131,1000,131000,30,9/13/2016,10/12/2016,32,PAIDOFF
255,LP001732,male,Yes,,5000,college,72,1000,72000,30,9/13/2016,10/12/2016,31,PAIDOFF
256,LP001734,male,Yes,No,4283,college,127,800,101600,15,9/13/2016,9/27/2016,28,PAIDOFF
257,LP001736,female,Yes,No,2221,college,60,1000,60000,15,9/13/2016,9/27/2016,37,PAIDOFF
258,LP001743,male,Yes,No,4009,college,116,1000,116000,7,9/13/2016,9/19/2016,25,PAIDOFF
259,LP001744,male,No,No,2971,High School or Below,144,1000,144000,30,9/13/2016,10/12/2016,19,PAIDOFF
260,LP001749,male,Yes,No,7578,college,175,800,140000,15,9/13/2016,9/27/2016,51,PAIDOFF
261,LP001750,male,Yes,No,6250,High School or Below,128,1000,128000,15,9/13/2016,9/27/2016,29,PAIDOFF
262,LP001751,female,Yes,No,3250,college,170,800,136000,30,9/13/2016,10/12/2016,23,PAIDOFF
263,LP001754,male,Yes,Yes,4735,High School or Below,138,1000,138000,15,9/13/2016,9/27/2016,30,PAIDOFF
265,LP001758,female,Yes,No,6250,Bechalor,210,1000,210000,15,9/13/2016,9/27/2016,34,PAIDOFF
266,LP001760,female,,No,4758,Bechalor,158,800,126400,15,9/13/2016,9/27/2016,31,PAIDOFF
267,LP001761,male,No,Yes,6400,High School or Below,200,1000,200000,15,9/14/2016,9/28/2016,24,PAIDOFF
268,LP001765,male,Yes,No,2491,High School or Below,104,1000,104000,30,9/14/2016,10/13/2016,42,PAIDOFF
269,LP001768,female,Yes,,3716,college,42,800,33600,30,9/14/2016,10/13/2016,40,PAIDOFF
270,LP001770,male,No,No,3189,High School or Below,120,1000,120000,30,9/14/2016,10/13/2016,29,PAIDOFF
271,LP001776,female,No,No,8333,college,280,1000,280000,30,9/14/2016,10/13/2016,32,PAIDOFF
272,LP001778,male,Yes,No,3155,college,140,1000,140000,30,9/14/2016,11/12/2016,28,PAIDOFF
273,LP001784,male,Yes,No,5500,High School or Below,170,1000,170000,30,9/14/2016,10/13/2016,35,PAIDOFF
274,LP001786,male,Yes,,5746,Bechalor,255,1000,255000,30,9/14/2016,10/13/2016,30,PAIDOFF
275,LP001788,male,No,Yes,3463,college,122,800,97600,15,9/14/2016,9/28/2016,44,PAIDOFF
276,LP001790,male,No,No,3812,High School or Below,112,800,89600,15,9/14/2016,9/28/2016,37,PAIDOFF
277,LP001792,male,Yes,No,3315,college,96,1000,96000,30,9/14/2016,10/13/2016,31,PAIDOFF
278,LP001798,male,Yes,No,5819,college,120,800,96000,15,9/14/2016,9/28/2016,36,PAIDOFF
279,LP001800,male,Yes,No,2510,college,140,800,112000,30,9/14/2016,10/13/2016,31,PAIDOFF
280,LP001806,male,No,No,2965,High School or Below,155,800,124000,15,9/14/2016,9/28/2016,42,PAIDOFF
281,LP001807,male,Yes,Yes,6250,Bechalor,108,1000,108000,15,9/14/2016,9/28/2016,28,PAIDOFF
282,LP001811,male,Yes,No,3406,college,123,1000,123000,30,9/14/2016,10/13/2016,30,PAIDOFF
283,LP001813,male,No,Yes,6050,High School or Below,120,1000,120000,30,9/14/2016,10/13/2016,30,PAIDOFF
284,LP001814,male,Yes,No,9703,Bechalor,112,1000,112000,15,9/14/2016,9/28/2016,24,PAIDOFF
285,LP001819,male,Yes,No,6608,Bechalor,137,1000,137000,30,9/14/2016,11/12/2016,34,PAIDOFF
286,LP001824,male,Yes,No,2882,college,123,1000,123000,30,9/14/2016,10/13/2016,29,PAIDOFF
288,LP001825,male,Yes,No,1809,Bechalor,90,1000,90000,30,9/14/2016,10/13/2016,34,PAIDOFF
289,LP001835,male,Yes,No,1668,High School or Below,201,800,160800,15,9/14/2016,9/28/2016,28,PAIDOFF
290,LP001836,female,No,No,3427,college,138,1000,138000,15,9/14/2016,9/28/2016,30,PAIDOFF
291,LP001841,male,No,Yes,2583,High School or Below,104,1000,104000,30,9/14/2016,10/13/2016,41,PAIDOFF
292,LP001843,male,Yes,No,2661,college,279,1000,279000,30,9/14/2016,10/13/2016,29,PAIDOFF
293,LP001844,male,No,Yes,16250,High School or Below,192,1000,192000,30,9/14/2016,10/13/2016,37,PAIDOFF
294,LP001846,male,No,No,3083,Bechalor,255,1000,255000,30,9/14/2016,10/13/2016,36,PAIDOFF
296,LP001849,male,No,No,6045,college,115,800,92000,15,9/14/2016,9/28/2016,27,PAIDOFF
297,LP001854,male,Yes,No,5250,High School or Below,94,1000,94000,30,9/14/2016,10/13/2016,29,PAIDOFF
298,LP001859,male,Yes,No,14683,High School or Below,304,1000,304000,30,9/14/2016,10/13/2016,40,PAIDOFF
299,LP001864,male,Yes,No,4931,college,128,1000,128000,30,9/14/2016,10/13/2016,28,PAIDOFF
300,LP001865,male,Yes,No,6083,college,330,1000,330000,15,9/9/2016,9/23/2016,29,COLLECTION
301,LP001868,male,No,No,2060,High School or Below,134,1000,134000,30,9/9/2016,10/8/2016,37,COLLECTION
303,LP001870,male,No,No,3481,college,155,800,124000,15,9/9/2016,9/23/2016,27,COLLECTION
304,LP001871,male,No,No,7200,Bechalor,120,800,96000,15,9/9/2016,9/23/2016,24,COLLECTION
306,LP001872,male,No,Yes,5166,college,128,800,102400,15,9/10/2016,10/9/2016,28,COLLECTION
307,LP001875,male,No,No,4095,High School or Below,151,1000,151000,30,9/10/2016,10/9/2016,40,COLLECTION
308,LP001877,male,Yes,No,4708,college,150,1000,150000,30,9/10/2016,10/9/2016,33,COLLECTION
312,LP001882,male,Yes,No,4333,High School or Below,160,1000,160000,30,9/10/2016,10/9/2016,27,COLLECTION
314,LP001883,male,No,,3418,college,135,1000,135000,30,9/10/2016,10/9/2016,24,COLLECTION
316,LP001884,male,No,No,2876,High School or Below,90,1000,90000,30,9/10/2016,10/9/2016,30,COLLECTION
317,LP001888,male,No,No,3237,High School or Below,30,1000,30000,15,9/10/2016,9/24/2016,29,COLLECTION
318,LP001891,male,Yes,No,11146,Bechalor,136,1000,136000,30,9/10/2016,10/9/2016,22,COLLECTION
319,LP001892,male,No,No,2833,Bechalor,126,1000,126000,15,9/10/2016,9/24/2016,24,COLLECTION
320,LP001894,male,Yes,No,2620,college,150,1000,150000,30,9/10/2016,10/9/2016,25,COLLECTION
321,LP001896,male,Yes,No,3900,High School or Below,90,1000,90000,30,9/10/2016,10/9/2016,28,COLLECTION
322,LP001900,male,Yes,No,2750,college,115,1000,115000,30,9/10/2016,10/9/2016,37,COLLECTION
323,LP001903,male,Yes,No,3993,college,207,800,165600,15,9/10/2016,9/24/2016,32,COLLECTION
324,LP001904,male,Yes,No,3103,college,80,1000,80000,15,9/10/2016,9/24/2016,34,COLLECTION
325,LP001907,male,Yes,No,14583,Bechalor,436,1000,436000,30,9/11/2016,10/10/2016,28,COLLECTION
326,LP001908,male,Yes,No,4100,Bechalor,124,800,99200,15,9/11/2016,9/25/2016,35,COLLECTION
327,LP001910,male,No,Yes,4053,college,158,1000,158000,30,9/11/2016,11/9/2016,27,COLLECTION
329,LP001914,male,Yes,No,3927,Bechalor,112,1000,112000,30,9/11/2016,10/10/2016,44,COLLECTION
330,LP001915,male,Yes,No,2301,college,78,1000,78000,15,9/11/2016,10/25/2016,31,COLLECTION
332,LP001917,male,No,No,1811,High School or Below,54,1000,54000,30,9/11/2016,10/10/2016,21,COLLECTION
333,LP001922,female,Yes,No,20667,High School or Below,45,1000,45000,30,9/11/2016,10/10/2016,30,COLLECTION
334,LP001924,female,No,No,3158,college,89,1000,89000,30,9/11/2016,10/10/2016,38,COLLECTION
335,LP001925,male,No,Yes,2600,High School or Below,99,1000,99000,30,9/11/2016,10/10/2016,34,COLLECTION
336,LP001926,male,Yes,No,3704,college,120,1000,120000,30,9/11/2016,10/10/2016,31,COLLECTION
337,LP001931,male,No,No,4124,High School or Below,115,1000,115000,30,9/11/2016,10/10/2016,23,COLLECTION
338,LP001935,female,No,No,9508,college,187,1000,187000,15,9/11/2016,9/25/2016,27,COLLECTION
339,LP001936,male,Yes,No,3075,High School or Below,139,1000,139000,15,9/11/2016,9/25/2016,39,COLLECTION
340,LP001938,female,Yes,No,4400,High School or Below,127,1000,127000,30,9/11/2016,10/10/2016,30,COLLECTION
341,LP001940,male,Yes,No,3153,college,134,1000,134000,30,9/11/2016,10/10/2016,25,COLLECTION
342,LP001945,male,No,No,5417,Master or Above,143,1000,143000,15,9/11/2016,9/25/2016,50,COLLECTION
343,LP001947,male,Yes,No,2383,High School or Below,172,1000,172000,30,9/11/2016,10/10/2016,23,COLLECTION
344,LP001949,male,Yes,,4416,Bechalor,110,800,88000,15,9/11/2016,9/25/2016,38,COLLECTION
345,LP001953,male,Yes,No,6875,High School or Below,200,1000,200000,30,9/11/2016,10/10/2016,27,COLLECTION
346,LP001954,male,Yes,No,4666,High School or Below,135,1000,135000,30,9/11/2016,11/9/2016,31,COLLECTION
347,LP001955,male,No,No,5000,college,151,800,120800,15,9/11/2016,9/25/2016,40,COLLECTION
350,LP001963,male,Yes,No,2014,High School or Below,113,1000,113000,30,9/11/2016,10/10/2016,26,COLLECTION
351,LP001964,male,Yes,No,1800,college,93,1000,93000,15,9/11/2016,9/25/2016,25,COLLECTION
352,LP001972,male,Yes,No,2875,High School or Below,105,1000,105000,30,9/11/2016,10/10/2016,35,COLLECTION
353,LP001974,male,No,No,5000,High School or Below,132,1000,132000,30,9/11/2016,10/10/2016,41,COLLECTION
354,LP001977,male,Yes,No,1625,High School or Below,96,1000,96000,30,9/11/2016,10/10/2016,37,COLLECTION
355,LP001978,male,No,No,4000,college,140,1000,140000,15,9/11/2016,10/10/2016,34,COLLECTION
356,LP001990,male,No,No,2000,High School or Below,130,1000,130000,30,9/11/2016,10/10/2016,45,COLLECTION
357,LP001993,male,No,No,3762,Bechalor,135,1000,135000,30,9/11/2016,10/10/2016,26,COLLECTION
358,LP001994,male,No,No,2400,college,104,1000,104000,30,9/11/2016,10/10/2016,32,COLLECTION
359,LP001996,male,No,No,20233,High School or Below,480,1000,480000,30,9/11/2016,10/10/2016,28,COLLECTION
360,LP001998,male,Yes,No,7667,college,185,1000,185000,30,9/11/2016,10/10/2016,34,COLLECTION
361,LP002002,male,No,No,2917,High School or Below,84,800,67200,15,9/11/2016,9/25/2016,29,COLLECTION
362,LP002004,male,No,No,2927,High School or Below,111,1000,111000,30,9/11/2016,10/10/2016,26,COLLECTION
363,LP002006,male,No,No,2507,college,56,1000,56000,15,9/11/2016,9/25/2016,26,COLLECTION
364,LP002008,male,Yes,Yes,5746,college,144,800,115200,15,9/11/2016,9/25/2016,22,COLLECTION
365,LP002024,female,Yes,No,2473,High School or Below,159,1000,159000,30,9/11/2016,10/10/2016,27,COLLECTION
366,LP002031,male,Yes,No,3399,High School or Below,111,800,88800,30,9/11/2016,10/10/2016,33,COLLECTION
367,LP002035,male,Yes,No,3717,Bechalor,120,800,96000,15,9/11/2016,9/25/2016,28,COLLECTION
368,LP002036,male,Yes,No,2058,college,88,1000,88000,30,9/11/2016,10/10/2016,24,COLLECTION
371,LP002043,male,No,No,3541,college,112,1000,112000,30,9/11/2016,10/10/2016,18,COLLECTION
372,LP002050,male,Yes,Yes,10000,High School or Below,155,800,124000,15,9/11/2016,9/25/2016,25,COLLECTION
373,LP002051,male,Yes,No,2400,High School or Below,115,1000,115000,15,9/11/2016,9/25/2016,40,COLLECTION
374,LP002053,male,Yes,No,4342,college,124,1000,124000,30,9/11/2016,10/10/2016,29,COLLECTION
375,LP002054,female,Yes,No,3601,High School or Below,12,800,9600,15,9/11/2016,9/25/2016,26,COLLECTION
376,LP002055,male,No,No,3166,college,132,1000,132000,15,9/11/2016,9/25/2016,30,COLLECTION
377,LP002065,male,Yes,No,15000,college,300,1000,300000,30,9/11/2016,10/10/2016,33,COLLECTION
378,LP002067,male,Yes,Yes,8666,college,376,1000,376000,30,9/11/2016,10/10/2016,30,COLLECTION
379,LP002068,male,No,No,4917,college,130,1000,130000,30,9/11/2016,10/10/2016,32,COLLECTION
380,LP002082,male,Yes,Yes,5818,High School or Below,184,1000,184000,30,9/11/2016,10/10/2016,25,COLLECTION
381,LP002086,male,Yes,No,4333,High School or Below,110,800,88000,15,9/11/2016,9/25/2016,35,COLLECTION
382,LP002087,male,No,No,2500,Bechalor,67,1000,67000,15,9/11/2016,9/25/2016,30,COLLECTION
383,LP002097,male,No,No,4384,High School or Below,117,1000,117000,30,9/11/2016,10/10/2016,26,COLLECTION
384,LP002098,male,No,No,2935,High School or Below,98,1000,98000,30,9/11/2016,10/10/2016,29,COLLECTION
385,LP002100,male,No,No,2833,High School or Below,71,1000,71000,30,9/11/2016,11/9/2016,26,COLLECTION
386,LP002101,male,Yes,,63337,High School or Below,490,800,392000,15,9/11/2016,9/25/2016,46,COLLECTION
387,LP002103,male,Yes,Yes,9833,High School or Below,182,1000,182000,30,9/11/2016,10/10/2016,36,COLLECTION
388,LP002106,male,Yes,Yes,5503,Bechalor,70,1000,70000,15,9/11/2016,9/25/2016,38,COLLECTION
389,LP002110,male,Yes,,5250,High School or Below,160,1000,160000,15,9/11/2016,10/25/2016,32,COLLECTION
390,LP002112,male,Yes,Yes,2500,college,176,1000,176000,15,9/11/2016,9/25/2016,30,COLLECTION
391,LP002113,male,No,No,1830,High School or Below,89,800,71200,15,9/11/2016,9/25/2016,35,COLLECTION
392,LP002114,female,No,No,4160,college,71,1000,71000,30,9/11/2016,10/10/2016,29,COLLECTION
393,LP002115,male,Yes,No,2647,college,173,1000,173000,30,9/11/2016,11/9/2016,26,COLLECTION
394,LP002116,male,No,No,2378,High School or Below,46,800,36800,15,9/11/2016,9/25/2016,32,COLLECTION
395,LP002119,male,Yes,No,4554,High School or Below,158,1000,158000,30,9/11/2016,10/10/2016,25,COLLECTION
397,LP002126,male,Yes,No,3173,college,74,800,59200,15,9/12/2016,9/26/2016,39,COLLECTION
398,LP002128,male,Yes,,2583,college,125,1000,125000,30,9/12/2016,11/10/2016,28,COLLECTION
399,LP002129,male,Yes,No,2499,college,160,1000,160000,30,9/12/2016,10/11/2016,26,COLLECTION
